{"stats":{"minecraft:custom":{"minecraft:interact_with_furnace":8,"minecraft:inspect_dropper":49,"minecraft:interact_with_anvil":8,"minecraft:inspect_hopper":118,"minecraft:tune_noteblock":10,"minecraft:interact_with_cartography_table":5,"minecraft:open_barrel":5,"minecraft:play_one_minute":5996248,"minecraft:interact_with_loom":1,"minecraft:open_shulker_box":156,"minecraft:interact_with_stonecutter":1,"minecraft:leave_game":36,"minecraft:time_since_death":1190,"minecraft:time_since_rest":1223,"minecraft:open_enderchest":54,"minecraft:sprint_one_cm":703541,"minecraft:walk_one_cm":679954,"minecraft:drop":33,"minecraft:fly_one_cm":34094876,"minecraft:open_chest":1,"minecraft:crouch_one_cm":27918,"minecraft:deaths":3,"minecraft:sneak_time":316134,"minecraft:aviate_one_cm":91705776,"minecraft:jump":7835,"minecraft:inspect_dispenser":6},"minecraft:dropped":{"minecraft:pink_concrete":1,"minecraft:lime_concrete":1,"minecraft:sticky_piston":1,"minecraft:yellow_concrete":1,"minecraft:orange_concrete":1,"minecraft:observer":2,"minecraft:blue_concrete":1,"minecraft:light_gray_concrete":3,"minecraft:bedrock":1,"minecraft:elytra":1,"minecraft:repeater":1,"minecraft:hopper":4,"minecraft:white_concrete":1,"minecraft:snowball":49,"minecraft:wooden_shovel":1,"minecraft:glass":3,"minecraft:black_concrete":1,"minecraft:firework_rocket":2},"minecraft:picked_up":{"minecraft:repeater":1,"minecraft:elytra":1,"minecraft:glass":1,"minecraft:wooden_shovel":1,"minecraft:furnace":1,"minecraft:firework_rocket":2,"minecraft:white_shulker_box":3,"minecraft:red_concrete":1,"minecraft:snowball":16},"minecraft:used":{"minecraft:oak_fence":3,"minecraft:water_bucket":1,"minecraft:writable_book":50,"minecraft:dropper":67,"minecraft:orange_concrete":4216,"minecraft:redstone":14479,"minecraft:red_concrete":1254,"minecraft:yellow_shulker_box":2,"minecraft:dispenser":1,"minecraft:powered_rail":140,"minecraft:oak_planks":6,"minecraft:ladder":1,"minecraft:cartography_table":3,"minecraft:oak_sign":140,"minecraft:chest":3,"minecraft:ender_chest":5,"minecraft:composter":2,"minecraft:brown_concrete":1,"minecraft:stone":16,"minecraft:redstone_block":234,"minecraft:white_shulker_box":12,"minecraft:brown_shulker_box":1,"minecraft:fletching_table":1,"minecraft:stonecutter":2,"minecraft:structure_block":87,"minecraft:pink_concrete":1931,"minecraft:sand":4,"minecraft:anvil":5,"minecraft:comparator":182,"minecraft:light_blue_concrete":250,"minecraft:crafting_table":1,"minecraft:tnt":1,"minecraft:hopper":69,"minecraft:loom":1,"minecraft:yellow_concrete":4451,"minecraft:orange_wool":20,"minecraft:note_block":146,"minecraft:gray_concrete":28,"minecraft:beehive":2,"minecraft:blue_concrete":4138,"minecraft:obsidian":1,"minecraft:cyan_stained_glass":48,"minecraft:redstone_torch":3075,"minecraft:oak_log":1,"minecraft:sticky_piston":365,"minecraft:glass":10,"minecraft:piston":107,"minecraft:lever":603,"minecraft:green_concrete":1322,"minecraft:black_concrete":77,"minecraft:cyan_terracotta":128,"minecraft:activator_rail":148,"minecraft:firework_rocket":962,"minecraft:command_block":35,"minecraft:light_gray_concrete":4854,"minecraft:filled_map":1,"minecraft:iron_block":1388,"minecraft:slime_block":3,"minecraft:map":8,"minecraft:stone_button":109,"minecraft:detector_rail":9,"minecraft:magenta_concrete":407,"minecraft:cyan_concrete":3491,"minecraft:spruce_trapdoor":6,"minecraft:smooth_quartz":167,"minecraft:iron_door":4,"minecraft:barrel":2,"minecraft:item_frame":30,"minecraft:bedrock":1,"minecraft:light_gray_wool":12,"minecraft:tripwire_hook":73,"minecraft:repeater":3935,"minecraft:purple_concrete":5706,"minecraft:glowstone":8,"minecraft:red_carpet":4,"minecraft:redstone_lamp":259,"minecraft:lime_concrete":1432,"minecraft:written_book":141,"minecraft:orange_banner":1,"minecraft:scaffolding":1,"minecraft:furnace":11,"minecraft:white_banner":1,"minecraft:smithing_table":2,"minecraft:smooth_stone_slab":1123,"minecraft:white_concrete":2104,"minecraft:observer":458,"minecraft:jukebox":1}},"DataVersion":2230}